{"cameraMode":{"drawMode":0,"name":"Shaded","section":"Shading Mode"},"sceneLighting":true,"audioPlay":false,"sceneViewState":{"showFog":true,"showMaterialUpdate":true,"showSkybox":true,"showFlares":true,"showImageEffects":true,"showParticleSystems":true},"in2DMode":false,"pivot":{"x":-0.1939999908208847,"y":5.270000457763672,"z":2.194000244140625},"rotation":{"x":-0.05677315592765808,"y":0.9259795546531677,"z":-0.154759481549263,"w":-0.3396931290626526},"size":6.111288070678711,"orthographic":false}