{"cameraMode":{"drawMode":0,"name":"Shaded","section":"Shading Mode"},"sceneLighting":true,"audioPlay":false,"sceneViewState":{"showFog":true,"showMaterialUpdate":true,"showSkybox":true,"showFlares":true,"showImageEffects":true,"showParticleSystems":true},"in2DMode":false,"pivot":{"x":-0.1939999908208847,"y":5.270000457763672,"z":2.194000244140625},"rotation":{"x":0.009792957454919815,"y":-0.9030770063400269,"z":0.020598625764250757,"w":0.4289148151874542},"size":13.375528335571289,"orthographic":false}